"미션ID","축","영역","행운의행동","유형","측정분류","측정데이터_핵심","모델연동","측정시작조건","완료판정","행운의위치_후보","행운의숫자_최소","행운의숫자_최대","행운의숫자_간격","단위","시간대","오늘의운세_해석","오늘의한줄_템플릿","수행안내_안전문구","안전태그","시니어안전","검수상태"
"WALK_SLOW_01","木","유산소","천천히 걷기","MODEL_ACTIVE_TIME","모델측정형","유효활동시간_초,걸음수,이동거리_m","Y","미션 시작 후 움직임 모델 활성","모델이 인식한 유효 활동시간이 목표 이상","가까운 산책로,가까운 공원,지금 있는 곳","10","20","5","분","언제나","작은 걸음이 오늘의 흐름을 바꿔요.","{place}에서 {num}{unit} 천천히 걷기!","옆 사람과 대화할 수 있는 속도면 충분해요.","","Y","검수대기"
"WALK_PARK_02","木","유산소","공원 한 바퀴 걷기","MODEL_ACTIVE_TIME","모델측정형","유효활동시간_초,걸음수,이동거리_m","Y","미션 시작 후 움직임 모델 활성","모델이 인식한 유효 활동시간이 목표 이상","가까운 공원,집 주변","10","20","5","분","오전","바깥 공기가 마음의 길을 열어줘요.","{place}에서 {num}{unit} 공원 한 바퀴 걷기!","발밑을 살피고 편한 신발을 신어요.","","Y","검수대기"
"WALK_AFTER_MEAL_03","木","유산소","식사 후 산책하기","MODEL_ACTIVE_TIME","모델측정형","유효활동시간_초,걸음수,이동거리_m","Y","미션 시작 후 움직임 모델 활성","모델이 인식한 유효 활동시간이 목표 이상","가까운 산책로,집 주변","10","15","5","분","점심,저녁","가볍게 움직일수록 몸의 기운이 편안해져요.","밥 먹고 {place}에서 {num}{unit} 걷기!","식사 직후 힘들면 조금 쉬었다가 시작해요.","","Y","검수대기"
"MARCH_PLACE_04","木","유산소","제자리 걷기","SELF_TIMER","사용자수행형","사용자경과시간_초","N","사용자 시작 후 경과시간 기록","사용자 경과시간 또는 완료 확인","집,책상 앞,사무실","5","10","5","분","언제나","제자리의 움직임도 좋은 변화를 불러와요.","{place}에서 {num}{unit} 제자리 걷기!","서 있기 힘들면 앉아서 발만 움직여도 돼요.","","Y","검수대기"
"WALK_ERRAND_05","木","유산소","걸어서 볼일 보기","MODEL_ACTIVE_TIME","모델측정형","유효활동시간_초,걸음수,이동거리_m","Y","미션 시작 후 움직임 모델 활성","모델이 인식한 유효 활동시간이 목표 이상","가까운 마트,집 주변","10","20","5","분","오후,저녁","오늘의 행운은 가까운 길에서 만나요.","{place}까지 {num}{unit} 걸어서 다녀오기!","짐이 무거우면 돌아올 때는 교통수단을 이용해요.","","Y","검수대기"
"WALK_PHONE_06","木","유산소","통화하며 걷기","MODEL_ACTIVE_TIME","모델측정형","유효활동시간_초,걸음수,이동거리_m","Y","미션 시작 후 움직임 모델 활성","모델이 인식한 유효 활동시간이 목표 이상","집 주변,가까운 공원","5","10","5","분","오후","대화와 걸음이 함께하면 기분도 가벼워져요.","{place}에서 {num}{unit} 통화하며 걷기!","주변을 살피며 천천히 걸어요.","","Y","검수대기"
"WALK_MORNING_07","木","유산소","아침 산책하기","MODEL_ACTIVE_TIME","모델측정형","유효활동시간_초,걸음수,이동거리_m","Y","미션 시작 후 움직임 모델 활성","모델이 인식한 유효 활동시간이 목표 이상","집 주변,가까운 공원","5","15","5","분","아침","아침의 빛이 오늘의 리듬을 깨워줘요.","{place}에서 {num}{unit} 아침 산책하기!","날씨가 불편하면 집 안에서 제자리 걷기로 바꿔요.","","Y","검수대기"
"WALK_EVENING_08","木","유산소","저녁 산책하기","MODEL_ACTIVE_TIME","모델측정형","유효활동시간_초,걸음수,이동거리_m","Y","미션 시작 후 움직임 모델 활성","모델이 인식한 유효 활동시간이 목표 이상","집 주변,가까운 산책로","10","20","5","분","저녁","하루의 끝을 걷는 리듬으로 정리해봐요.","{place}에서 {num}{unit} 저녁 산책하기!","어두운 길은 피하고 밝은 곳을 선택해요.","","Y","검수대기"
"WALK_FRIEND_14","木","유산소","누군가와 걷기","MODEL_ACTIVE_TIME","모델측정형","유효활동시간_초,걸음수,이동거리_m","Y","미션 시작 후 움직임 모델 활성","모델이 인식한 유효 활동시간이 목표 이상","집 주변,가까운 공원","10","20","5","분","오전,오후","함께하는 걸음에서 좋은 인연의 기운이 자라요.","{place}에서 누군가와 {num}{unit} 걷기!","혼자여도 괜찮아요. 편한 속도를 지켜요.","","Y","검수대기"
"WALK_SHOULDER_15","木","유산소","어깨 펴고 걷기","MODEL_ACTIVE_TIME","모델측정형","유효활동시간_초,걸음수,이동거리_m","Y","미션 시작 후 움직임 모델 활성","모델이 인식한 유효 활동시간이 목표 이상","집 주변,사무실,지금 있는 곳","5","15","5","분","언제나","자세를 펴면 오늘의 자신감도 따라와요.","{place}에서 어깨 펴고 {num}{unit} 걷기!","턱을 살짝 당기고 어깨 힘은 빼요.","","Y","검수대기"
"WALK_SLOWDOWN_16","木","유산소","느린 걸음 즐기기","MODEL_ACTIVE_TIME","모델측정형","유효활동시간_초,걸음수,이동거리_m","Y","미션 시작 후 움직임 모델 활성","모델이 인식한 유효 활동시간이 목표 이상","가까운 산책로,집 주변","10","20","5","분","저녁","서두르지 않을 때 더 좋은 방향이 보여요.","{place}에서 평소보다 느리게 {num}{unit} 걷기!","숨이 차거나 아프면 바로 쉬어요.","","Y","검수대기"
"WALK_ROUTE_17","木","유산소","새 길로 걷기","MODEL_ACTIVE_TIME","모델측정형","유효활동시간_초,걸음수,이동거리_m","Y","미션 시작 후 움직임 모델 활성","모델이 인식한 유효 활동시간이 목표 이상","집 주변,가까운 공원","10","15","5","분","오후","낯선 작은 길이 기분 좋은 자극을 줘요.","{place}에서 익숙한 길을 조금 바꿔 {num}{unit} 걷기!","안전하고 익숙한 범위 안에서만 길을 바꿔요.","","Y","검수대기"
"WALK_PAUSE_18","木","유산소","자리에서 잠깐 걷기","MODEL_ACTIVE_TIME","모델측정형","유효활동시간_초,걸음수,이동거리_m","Y","미션 시작 후 움직임 모델 활성","모델이 인식한 유효 활동시간이 목표 이상","집,사무실,책상 앞","2","4","1","분","언제나","잠깐의 움직임이 정체된 기운을 풀어줘요.","{place}에서 {num}{unit} 잠깐 걷기!","미션을 시작한 뒤 편한 속도로 걸어요. 몇 걸음만 움직여도 좋아요.","","Y","검수대기"
"SIDE_STEP_19","木","유산소","옆으로 한 걸음씩 움직이기","SELF_CHECK","사용자수행형","사용자확인,수행횟수(선택)","N","해당 없음","사용자가 완료를 확인","집,사무실","10","20","5","걸음","언제나","새로운 방향의 한 걸음이 오늘의 운을 넓혀요.","{place}에서 옆으로 {num}{unit} 움직이기!","벽이나 의자를 가까이 두고 천천히 해요.","BALANCE","Y","검수대기"
"HEEL_TOE_20","木","유산소","발뒤꿈치와 발끝 걷기","SELF_CHECK","사용자수행형","사용자확인,수행횟수(선택)","N","해당 없음","사용자가 완료를 확인","집,복도","10","20","5","걸음","언제나","발끝까지 깨우면 하루의 감각이 살아나요.","{place}에서 발뒤꿈치와 발끝을 느끼며 {num}{unit} 걷기!","균형이 불안하면 평소 걸음으로 바꿔요.","BALANCE","Y","검수대기"
"SEATED_MARCH_21","木","유산소","앉아서 다리 움직이기","SELF_TIMER","사용자수행형","사용자경과시간_초","N","사용자 시작 후 경과시간 기록","사용자 경과시간 또는 완료 확인","집,책상 앞,사무실","3","5","1","분","언제나","앉은 자리에서도 활력의 문은 열려 있어요.","{place}에서 앉아 {num}{unit} 다리 움직이기!","등받이에 기대고 편한 범위에서 움직여요.","","Y","검수대기"
"ARM_SWING_22","木","유산소","팔 흔들며 걷기","SELF_TIMER","사용자수행형","사용자경과시간_초","N","사용자 시작 후 경과시간 기록","사용자 경과시간 또는 완료 확인","집 주변,집","5","10","5","분","언제나","가볍게 흔드는 팔이 기분 좋은 흐름을 만들어요.","{place}에서 팔을 흔들며 {num}{unit} 걷기!","팔을 너무 크게 젖히지 말고 자연스럽게 움직여요.","","Y","검수대기"
"STEP_TOUCH_25","木","유산소","제자리 스텝 터치하기","SELF_TIMER","사용자수행형","사용자경과시간_초","N","사용자 시작 후 경과시간 기록","사용자 경과시간 또는 완료 확인","집,사무실","3","5","1","분","언제나","가벼운 박자가 하루의 기운을 깨워요.","{place}에서 제자리 스텝 터치를 {num}{unit} 하기!","미끄럽지 않은 바닥에서 작은 동작으로 해요.","","Y","검수대기"
"WALK_SUNLIGHT_26","木","유산소","밝은 곳까지 걷기","MODEL_ACTIVE_TIME","모델측정형","유효활동시간_초,걸음수,이동거리_m","Y","미션 시작 후 움직임 모델 활성","모델이 인식한 유효 활동시간이 목표 이상","집 주변,가까운 공원","5","10","5","분","아침","밝은 방향으로 향하면 마음도 한결 가벼워져요.","{place}에서 밝은 곳까지 {num}{unit} 걷기!","햇빛이 강하면 모자나 그늘을 이용해요.","","Y","검수대기"
"WALK_BREATH_27","木","유산소","호흡 맞춰 걷기","MODEL_ACTIVE_TIME","모델측정형","유효활동시간_초,걸음수,이동거리_m","Y","미션 시작 후 움직임 모델 활성","모델이 인식한 유효 활동시간이 목표 이상","집 주변,가까운 산책로","5","10","5","분","언제나","호흡과 걸음을 맞추면 오늘의 페이스가 생겨요.","{place}에서 숨을 고르며 {num}{unit} 걷기!","숨이 차면 걸음을 늦추고 편하게 숨 쉬어요.","","Y","검수대기"
"WALK_SHOP_29","木","유산소","가까운 가게 다녀오기","SELF_CHECK","사용자수행형","사용자확인,수행횟수(선택)","N","해당 없음","사용자가 완료를 확인","집 주변,가까운 마트","1","2","1","번","오후","일상의 작은 외출에 좋은 기운이 깃들어요.","{place}까지 걸어서 {num}{unit} 다녀오기!","필요한 것만 가볍게 들고 다녀와요.","","Y","검수대기"
"WALK_RAINY_30","木","유산소","실내에서 걷기","MODEL_ACTIVE_TIME","모델측정형","유효활동시간_초,걸음수,이동거리_m","Y","미션 시작 후 움직임 모델 활성","모델이 인식한 유효 활동시간이 목표 이상","집,사무실,복도","5","15","5","분","언제나","날씨와 상관없이 오늘의 흐름은 이어져요.","{place}에서 {num}{unit} 실내 걷기!","바닥이 미끄럽지 않은지 먼저 확인해요.","","Y","검수대기"
"WALK_REST_31","木","유산소","중간에 쉬며 걷기","MODEL_ACTIVE_TIME","모델측정형","유효활동시간_초,걸음수,이동거리_m","Y","미션 시작 후 움직임 모델 활성","모델이 인식한 유효 활동시간이 목표 이상","집 주변,가까운 공원","10","20","5","분","언제나","쉬어가는 걸음이 오래가는 행운을 만들어요.","{place}에서 쉬어가며 {num}{unit} 걷기!","힘들면 앉아 쉬고 괜찮아지면 다시 움직여요.","","Y","검수대기"
"WALK_WARMUP_36","木","유산소","몸 풀고 걷기","MODEL_ACTIVE_TIME","모델측정형","유효활동시간_초,걸음수,이동거리_m","Y","미션 시작 후 움직임 모델 활성","모델이 인식한 유효 활동시간이 목표 이상","집,집 주변","5","10","5","분","언제나","천천히 시작할수록 하루의 흐름이 부드러워져요.","{place}에서 몸을 풀고 {num}{unit} 걷기!","첫 1분은 특히 천천히 움직여요.","","Y","검수대기"
"CHAIR_STAND_01","火","근력운동","의자에서 앉았다 일어서기","SELF_CHECK","사용자수행형","사용자확인,수행횟수(선택)","N","해당 없음","사용자가 완료를 확인","집,사무실,책상 앞","5","15","5","회","언제나","다리의 힘이 오늘의 자신감을 받쳐줘요.","{place}에서 앉았다 일어서기 {num}{unit}!","튼튼한 의자를 쓰고 필요하면 손으로 짚어요.","","Y","검수대기"
"WALL_PUSHUP_02","火","근력운동","벽 짚고 밀기","SELF_CHECK","사용자수행형","사용자확인,수행횟수(선택)","N","해당 없음","사용자가 완료를 확인","집,사무실","5","15","5","회","언제나","밀어내는 힘이 새로운 활력을 불러와요.","{place}에서 벽 짚고 밀기 {num}{unit}!","벽에서 한 걸음 떨어지고 어깨가 아프면 멈춰요.","","Y","검수대기"
"CALF_RAISE_03","火","근력운동","까치발 들기","SELF_CHECK","사용자수행형","사용자확인,수행횟수(선택)","N","해당 없음","사용자가 완료를 확인","집,사무실,책상 앞","10","20","5","회","언제나","발끝의 작은 힘이 하루의 기운을 깨워요.","{place}에서 까치발을 {num}{unit} 들기!","벽이나 의자를 잡고 천천히 해요.","","Y","검수대기"
"GRIP_OPEN_04","火","근력운동","주먹 쥐었다 펴기","SELF_CHECK","사용자수행형","사용자확인,수행횟수(선택)","N","해당 없음","사용자가 완료를 확인","집,책상 앞,사무실","10","20","5","회","언제나","손끝에 힘을 주면 집중의 기운이 모여요.","{place}에서 주먹을 {num}{unit} 쥐었다 펴기!","손목이 아프면 힘을 줄이고 쉬어요.","","Y","검수대기"
"SHOULDER_ROLL_05","火","근력운동","어깨 돌리기","SELF_CHECK","사용자수행형","사용자확인,수행횟수(선택)","N","해당 없음","사용자가 완료를 확인","집,책상 앞,사무실","5","15","5","회","언제나","굳은 어깨를 풀면 오늘의 기세가 살아나요.","{place}에서 어깨를 {num}{unit} 천천히 돌리기!","목에 힘을 빼고 작은 원부터 그려요.","","Y","검수대기"
"ARM_CIRCLE_06","火","근력운동","팔 원 그리기","SELF_CHECK","사용자수행형","사용자확인,수행횟수(선택)","N","해당 없음","사용자가 완료를 확인","집,사무실","5","10","5","회","언제나","가볍게 펼친 팔이 활력의 문을 열어요.","{place}에서 팔로 작은 원 {num}{unit} 그리기!","어깨 높이보다 낮게 하고 통증이 있으면 멈춰요.","","Y","검수대기"
"SEATED_KNEE_07","火","근력운동","앉아서 무릎 들기","SELF_CHECK","사용자수행형","사용자확인,수행횟수(선택)","N","해당 없음","사용자가 완료를 확인","집,책상 앞,사무실","10","20","5","회","언제나","천천히 드는 다리에 든든한 기운이 쌓여요.","{place}에서 앉아 무릎을 {num}{unit} 들기!","등받이에 기대고 허리가 불편하면 범위를 줄여요.","","Y","검수대기"
"SEATED_LEG_08","火","근력운동","앉아서 다리 펴기","SELF_CHECK","사용자수행형","사용자확인,수행횟수(선택)","N","해당 없음","사용자가 완료를 확인","집,책상 앞","5","15","5","회","언제나","곧게 펴는 동작이 마음에도 힘을 줘요.","{place}에서 앉아 다리를 {num}{unit} 펴기!","무릎을 끝까지 펴기 어렵다면 편한 만큼만 해요.","","Y","검수대기"
"BACK_SQUEEZE_09","火","근력운동","등 뒤 날개뼈 모으기","SELF_CHECK","사용자수행형","사용자확인,수행횟수(선택)","N","해당 없음","사용자가 완료를 확인","집,사무실,책상 앞","5","15","5","회","언제나","등을 펴면 숨겨진 자신감이 드러나요.","{place}에서 날개뼈를 {num}{unit} 모으기!","어깨를 올리지 말고 가볍게 모아요.","","Y","검수대기"
"TOE_RAISE_10","火","근력운동","발끝 들기","SELF_CHECK","사용자수행형","사용자확인,수행횟수(선택)","N","해당 없음","사용자가 완료를 확인","집,책상 앞","10","20","5","회","언제나","발을 깨우면 하루의 발걸음도 가벼워져요.","{place}에서 발끝을 {num}{unit} 들기!","의자에 앉아 하거나 벽을 잡고 해요.","","Y","검수대기"
"WRIST_ROTATE_11","火","근력운동","손목 돌리기","SELF_CHECK","사용자수행형","사용자확인,수행횟수(선택)","N","해당 없음","사용자가 완료를 확인","집,책상 앞,사무실","5","15","5","회","언제나","부드러운 손목 움직임이 일의 흐름을 도와줘요.","{place}에서 손목을 {num}{unit} 돌리기!","통증 없이 천천히 작은 원을 그려요.","","Y","검수대기"
"ANKLE_ROTATE_12","火","근력운동","발목 돌리기","SELF_CHECK","사용자수행형","사용자확인,수행횟수(선택)","N","해당 없음","사용자가 완료를 확인","집,책상 앞","5","15","5","회","언제나","발목을 풀면 오늘의 움직임이 한결 편해져요.","{place}에서 발목을 {num}{unit} 돌리기!","앉아서 한쪽씩 천천히 돌려요.","","Y","검수대기"
"HAND_PRESS_13","火","근력운동","손바닥 맞대고 누르기","SELF_CHECK","사용자수행형","사용자확인,수행횟수(선택)","N","해당 없음","사용자가 완료를 확인","집,사무실,책상 앞","5","10","5","회","언제나","두 손의 힘이 마음의 중심을 잡아줘요.","{place}에서 손바닥을 맞대고 {num}{unit} 누르기!","숨을 참지 말고 가볍게 힘을 줘요.","","Y","검수대기"
"TOWEL_PULL_14","火","근력운동","수건 양끝 당기기","SELF_CHECK","사용자수행형","사용자확인,수행횟수(선택)","N","해당 없음","사용자가 완료를 확인","집,사무실","5","10","5","회","언제나","당기는 힘이 흐트러진 기운을 모아줘요.","{place}에서 수건 양끝을 {num}{unit} 가볍게 당기기!","팔을 어깨보다 높이 들지 말고 통증이 있으면 멈춰요.","","Y","검수대기"
"HIP_HINGE_15","火","근력운동","엉덩이 뒤로 빼기","SELF_CHECK","사용자수행형","사용자확인,수행횟수(선택)","N","해당 없음","사용자가 완료를 확인","집,사무실","5","10","5","회","언제나","바른 중심에서 안정된 하루가 시작돼요.","{place}에서 엉덩이를 뒤로 빼는 동작 {num}{unit} 하기!","벽이나 의자를 가까이 두고 허리를 과하게 숙이지 않아요.","BALANCE","Y","검수대기"
"WALL_SIT_16","火","근력운동","벽 기대어 버티기","SELF_TIMER","사용자수행형","사용자경과시간_초","N","사용자 시작 후 경과시간 기록","사용자 경과시간 또는 완료 확인","집,사무실","10","20","5","초","언제나","잠깐의 버팀이 오늘의 끈기를 키워줘요.","{place}에서 벽에 기대 {num}{unit} 버티기!","무릎이 불편하면 깊게 앉지 말고 바로 멈춰요.","HIGH_IMPACT","Y","검수대기"
"SEATED_ARM_RAISE_17","火","근력운동","앉아서 팔 올리기","SELF_CHECK","사용자수행형","사용자확인,수행횟수(선택)","N","해당 없음","사용자가 완료를 확인","집,책상 앞","5","10","5","회","언제나","위로 뻗는 마음에 밝은 기운이 따라와요.","{place}에서 앉아 팔을 {num}{unit} 올리기!","어깨가 불편하면 가슴 높이까지만 올려요.","","Y","검수대기"
"WALL_REACH_18","火","근력운동","벽에 손 뻗기","SELF_CHECK","사용자수행형","사용자확인,수행횟수(선택)","N","해당 없음","사용자가 완료를 확인","집,사무실","5","15","5","회","언제나","닿을 듯한 한 번의 손길이 기회를 가까이해요.","{place}에서 벽을 향해 손을 {num}{unit} 뻗기!","발을 고정하고 몸을 과하게 앞으로 기울이지 않아요.","","Y","검수대기"
"CHAIR_PRESS_19","火","근력운동","의자 팔걸이 누르기","SELF_CHECK","사용자수행형","사용자확인,수행횟수(선택)","N","해당 없음","사용자가 완료를 확인","집,사무실","5","10","5","회","언제나","안정된 힘이 오늘의 균형을 지켜줘요.","{place}에서 의자 팔걸이를 {num}{unit} 가볍게 누르기!","바퀴 없는 튼튼한 의자에서만 해요.","","Y","검수대기"
"SEATED_HEEL_20","火","근력운동","앉아서 발뒤꿈치 들기","SELF_CHECK","사용자수행형","사용자확인,수행횟수(선택)","N","해당 없음","사용자가 완료를 확인","집,책상 앞,사무실","10","20","5","회","언제나","작은 반복이 묵직한 활력을 만들어요.","{place}에서 앉아 발뒤꿈치를 {num}{unit} 들기!","발바닥을 편하게 바닥에 두고 해요.","","Y","검수대기"
"FINGER_TAP_21","火","근력운동","손가락 맞닿게 하기","SELF_CHECK","사용자수행형","사용자확인,수행횟수(선택)","N","해당 없음","사용자가 완료를 확인","집,책상 앞,사무실","5","15","5","회","언제나","섬세한 움직임이 집중의 운을 불러와요.","{place}에서 엄지와 손가락을 {num}{unit} 맞닿게 하기!","손가락을 세게 누르지 않아도 돼요.","","Y","검수대기"
"NECK_TUCK_22","火","근력운동","턱 살짝 당기기","SELF_CHECK","사용자수행형","사용자확인,수행횟수(선택)","N","해당 없음","사용자가 완료를 확인","집,책상 앞,사무실","5","10","5","회","언제나","고개를 바로 세우면 마음도 또렷해져요.","{place}에서 턱을 살짝 {num}{unit} 당기기!","고개를 숙이지 말고 뒤로 길게 당기는 느낌으로 해요.","","Y","검수대기"
"ELBOW_BEND_23","火","근력운동","팔꿈치 굽혔다 펴기","SELF_CHECK","사용자수행형","사용자확인,수행횟수(선택)","N","해당 없음","사용자가 완료를 확인","집,사무실","5","15","5","회","언제나","가벼운 팔의 힘이 일상에 도움을 줘요.","{place}에서 팔꿈치를 {num}{unit} 굽혔다 펴기!","팔을 몸 가까이에 두고 천천히 해요.","","Y","검수대기"
"SIDE_LEG_RAISE_24","火","근력운동","옆으로 다리 들기","SELF_CHECK","사용자수행형","사용자확인,수행횟수(선택)","N","해당 없음","사용자가 완료를 확인","집,사무실","5","10","5","회","언제나","균형을 잡는 힘이 오늘의 중심을 단단하게 해요.","{place}에서 옆으로 다리를 {num}{unit} 들기!","의자나 벽을 잡고 다리를 낮게 들어요.","BALANCE","Y","검수대기"
"KNEE_EXTENSION_25","火","근력운동","무릎 펴고 멈추기","SELF_TIMER","사용자수행형","사용자경과시간_초","N","사용자 시작 후 경과시간 기록","사용자 경과시간 또는 완료 확인","집,책상 앞","3","5","1","초","언제나","잠깐의 정지가 다리의 힘을 깨워줘요.","{place}에서 무릎을 펴고 {num}{unit} 멈추기!","앉아서 하고 무릎에 통증이 있으면 바로 내려요.","","Y","검수대기"
"POSTURE_HOLD_26","火","근력운동","바른 자세 유지하기","SELF_TIMER","사용자수행형","사용자경과시간_초","N","사용자 시작 후 경과시간 기록","사용자 경과시간 또는 완료 확인","집,사무실,책상 앞","1","3","1","분","언제나","반듯한 자세가 오늘의 품격을 더해줘요.","{place}에서 바른 자세로 {num}{unit} 앉아 있기!","허리를 과하게 세우지 말고 편한 중립 자세를 찾아요.","","Y","검수대기"
"SEATED_TWIST_27","火","근력운동","앉아서 몸통 돌리기","SELF_CHECK","사용자수행형","사용자확인,수행횟수(선택)","N","해당 없음","사용자가 완료를 확인","집,책상 앞","5","10","5","회","언제나","가볍게 방향을 바꾸면 생각도 유연해져요.","{place}에서 앉아 몸통을 {num}{unit} 천천히 돌리기!","골반은 고정하고 아프지 않은 범위에서만 해요.","","Y","검수대기"
"WALL_ANGEL_28","火","근력운동","벽에 기대 팔 움직이기","SELF_CHECK","사용자수행형","사용자확인,수행횟수(선택)","N","해당 없음","사용자가 완료를 확인","집,사무실","5","10","5","회","언제나","벽을 등진 순간에 자세의 기운이 바로 서요.","{place}에서 벽에 기대 팔을 {num}{unit} 움직이기!","어깨 통증이 있으면 팔을 낮게 움직여요.","","Y","검수대기"
"CHAIR_HALFSTAND_29","火","근력운동","의자에서 반쯤 일어서기","SELF_CHECK","사용자수행형","사용자확인,수행횟수(선택)","N","해당 없음","사용자가 완료를 확인","집,사무실","5","10","5","회","언제나","작은 도전이 오늘의 힘을 확인시켜줘요.","{place}에서 의자에서 반쯤 {num}{unit} 일어서기!","난간 없는 튼튼한 의자를 쓰고 천천히 해요.","","Y","검수대기"
"SCAPULA_DOWN_30","火","근력운동","어깨 내리기","SELF_CHECK","사용자수행형","사용자확인,수행횟수(선택)","N","해당 없음","사용자가 완료를 확인","집,사무실,책상 앞","5","15","5","회","언제나","내려놓는 동작에 가벼운 행운이 찾아와요.","{place}에서 어깨를 {num}{unit} 내리기!","숨을 내쉬며 어깨 힘을 툭 빼요.","","Y","검수대기"
"WALL_LEAN_31","火","근력운동","벽에 기대 몸 밀기","SELF_CHECK","사용자수행형","사용자확인,수행횟수(선택)","N","해당 없음","사용자가 완료를 확인","집,사무실","5","10","5","회","언제나","몸을 지지하는 힘이 마음의 여유가 돼요.","{place}에서 벽에 기대 몸을 {num}{unit} 가볍게 밀기!","발이 미끄러지지 않는지 확인해요.","","Y","검수대기"
"SEATED_MARCH_STRONG_32","火","근력운동","앉아서 무릎 번갈아 들기","SELF_CHECK","사용자수행형","사용자확인,수행횟수(선택)","N","해당 없음","사용자가 완료를 확인","집,책상 앞","10","20","5","회","언제나","번갈아 움직일수록 활력의 리듬이 생겨요.","{place}에서 무릎을 번갈아 {num}{unit} 들기!","허리를 의자 깊숙이 붙이고 천천히 해요.","","Y","검수대기"
"FIST_HOLD_33","火","근력운동","주먹 쥐고 잠깐 버티기","SELF_TIMER","사용자수행형","사용자경과시간_초","N","사용자 시작 후 경과시간 기록","사용자 경과시간 또는 완료 확인","집,책상 앞,사무실","3","5","1","초","언제나","잠깐 모은 힘이 오늘의 결심을 단단하게 해요.","{place}에서 주먹을 쥐고 {num}{unit} 버티기!","손가락이 저리면 힘을 풀고 쉬어요.","","Y","검수대기"
"BOOK_REACH_34","火","근력운동","가벼운 물건 들기","SELF_CHECK","사용자수행형","사용자확인,수행횟수(선택)","N","해당 없음","사용자가 완료를 확인","집,사무실","3","5","1","회","언제나","가벼운 힘쓰기가 일상의 자신감을 키워줘요.","{place}에서 가벼운 물건을 {num}{unit} 들어보기!","물병처럼 가벼운 것만 들고 허리가 아프면 하지 않아요.","","Y","검수대기"
"TOWEL_SQUEEZE_35","火","근력운동","수건 말아 쥐기","SELF_CHECK","사용자수행형","사용자확인,수행횟수(선택)","N","해당 없음","사용자가 완료를 확인","집,책상 앞","5","15","5","회","언제나","쥐는 힘에 오늘의 집중력이 모여요.","{place}에서 수건을 말아 {num}{unit} 쥐기!","손목을 꺾지 말고 가볍게 쥐어요.","","Y","검수대기"
"SIT_TALL_36","火","근력운동","앉아 키 크게 만들기","SELF_TIMER","사용자수행형","사용자경과시간_초","N","사용자 시작 후 경과시간 기록","사용자 경과시간 또는 완료 확인","집,사무실,책상 앞","1","3","1","분","언제나","몸을 길게 세우면 기분도 환해져요.","{place}에서 키를 크게 만드는 자세로 {num}{unit} 앉기!","숨을 편히 쉬며 어깨는 내린 상태를 유지해요.","","Y","검수대기"
"BACKWARD_STEP_37","火","근력운동","뒤로 한 걸음 내딛기","SELF_CHECK","사용자수행형","사용자확인,수행횟수(선택)","N","해당 없음","사용자가 완료를 확인","집,사무실","5","10","5","회","언제나","조심스러운 한 걸음에도 새로운 힘이 생겨요.","{place}에서 뒤로 한 걸음 {num}{unit} 내딛기!","반드시 벽이나 의자를 잡고 아주 작게 움직여요.","BALANCE","Y","검수대기"
"MINI_SQUAT_38","火","근력운동","작게 앉았다 일어서기","SELF_CHECK","사용자수행형","사용자확인,수행횟수(선택)","N","해당 없음","사용자가 완료를 확인","집,사무실","5","10","5","회","언제나","작은 굽힘이 다리의 기운을 깨워줘요.","{place}에서 작게 앉았다 일어서기 {num}{unit}!","무릎이 불편하면 의자 앉았다 일어서기로 바꿔요.","HIGH_IMPACT","Y","검수대기"
"CHAIR_BACKPRESS_39","火","근력운동","등받이에 기대기","SELF_TIMER","사용자수행형","사용자경과시간_초","N","사용자 시작 후 경과시간 기록","사용자 경과시간 또는 완료 확인","집,사무실","5","10","5","초","언제나","편안한 지지가 오늘의 힘을 회복시켜줘요.","{place}에서 등받이에 기대 {num}{unit} 힘 빼기!","허리를 과하게 누르지 말고 편안하게 기대요.","","Y","검수대기"
"STRENGTH_FINISH_40","火","근력운동","힘준 부위 풀기","SELF_TIMER","사용자수행형","사용자경과시간_초","N","사용자 시작 후 경과시간 기록","사용자 경과시간 또는 완료 확인","집,사무실,책상 앞","1","3","1","분","언제나","힘을 쓴 뒤의 이완이 좋은 기운을 완성해요.","{place}에서 힘준 부위를 {num}{unit} 가볍게 풀기!","당기는 느낌이 아프면 즉시 멈춰요.","","Y","검수대기"
"VEGGIE_MORE_01","土","식사·수면·생활 리듬","채소 반찬 더 먹기","SELF_CHECK","사용자수행형","사용자확인,수행횟수(선택)","N","해당 없음","사용자가 완료를 확인","집,주방,지금 있는 곳","1","2","1","가지","점심,저녁","오늘의 식탁에 싱그러운 기운을 더해봐요.","오늘 한 끼에 채소 반찬 {num}{unit} 더 먹기!","이미 있는 나물이나 샐러드 중에서 골라도 돼요.","","Y","검수대기"
"CHEW_SLOW_02","土","식사·수면·생활 리듬","천천히 씹어 먹기","SELF_CHECK","사용자수행형","사용자확인,수행횟수(선택)","N","해당 없음","사용자가 완료를 확인","집,주방,지금 있는 곳","10","20","5","번","점심,저녁","천천히 누릴수록 오늘의 만족이 깊어져요.","한 입을 {num}{unit} 더 천천히 씹어보기!","숫자를 세기 어렵다면 평소보다 조금만 더 씹어요.","","Y","검수대기"
"BREAKFAST_03","土","식사·수면·생활 리듬","아침 챙겨 먹기","SELF_CHECK","사용자수행형","사용자확인,수행횟수(선택)","N","해당 없음","사용자가 완료를 확인","집,주방","1","2","1","가지","아침","작은 아침 준비가 하루의 복을 불러와요.","아침에 먹을 것 {num}{unit} 챙겨 먹기!","거창하지 않아도 돼요. 과일이나 우유도 좋아요.","","Y","검수대기"
"FRUIT_04","土","식사·수면·생활 리듬","과일 먹기","SELF_CHECK","사용자수행형","사용자확인,수행횟수(선택)","N","해당 없음","사용자가 완료를 확인","집,주방,사무실","1","2","1","조각","오후,저녁","달콤한 한 조각이 오늘의 기분운을 높여줘요.","{place}에서 과일 {num}{unit} 먹기!","씻어서 바로 먹을 수 있는 과일을 골라도 좋아요.","","Y","검수대기"
"SOUP_LEAVE_05","土","식사·수면·생활 리듬","국물 덜어놓고 먹기","SELF_CHECK","사용자수행형","사용자확인,수행횟수(선택)","N","해당 없음","사용자가 완료를 확인","집,주방","1","2","1","끼","점심,저녁","덜어내는 선택이 오늘의 몸을 가볍게 해줘요.","오늘 {num}{unit}는 국물 덜어놓고 먹기!","국물 대신 건더기 위주로 편하게 먹어요.","","Y","검수대기"
"WHOLE_GRAIN_06","土","식사·수면·생활 리듬","잡곡밥 먹어보기","SELF_CHECK","사용자수행형","사용자확인,수행횟수(선택)","N","해당 없음","사용자가 완료를 확인","집,주방","1","2","1","끼","점심,저녁","익숙한 밥상에 작은 변화를 더하면 운이 새로워져요.","오늘 {num}{unit}는 잡곡밥 먹어보기!","속이 불편하면 흰쌀에 조금 섞어도 괜찮아요.","","Y","검수대기"
"SCREEN_MEAL_07","土","식사·수면·생활 리듬","화면 끄고 식사하기","SELF_CHECK","사용자수행형","사용자확인,수행횟수(선택)","N","해당 없음","사용자가 완료를 확인","집,주방,지금 있는 곳","1","2","1","끼","점심,저녁","눈앞의 식사에 집중하면 마음의 흐름도 맑아져요.","{num}{unit}는 화면 끄고 밥 먹기!","TV나 휴대폰을 잠시 내려놓아요.","","Y","검수대기"
"SLEEP_PREP_08","土","식사·수면·생활 리듬","잠자리 준비하기","SELF_TIMER","사용자수행형","사용자경과시간_초","N","사용자 시작 후 경과시간 기록","사용자 경과시간 또는 완료 확인","집","10","20","5","분","저녁","미리 준비하는 마음이 편안한 밤을 불러와요.","{place}에서 {num}{unit} 일찍 잠자리 준비하기!","조명을 조금 낮추고 편한 순서로 준비해요.","","Y","검수대기"
"SCREEN_OFF_09","土","식사·수면·생활 리듬","자기 전 화면 끄기","SELF_TIMER","사용자수행형","사용자경과시간_초","N","사용자 시작 후 경과시간 기록","사용자 경과시간 또는 완료 확인","집","30","60","15","분","저녁","화면을 내려놓으면 밤의 기운이 부드러워져요.","잠들기 {num}{unit} 전에 화면 끄기!","알람을 맞춘 뒤 화면은 손이 닿지 않는 곳에 두어요.","","Y","검수대기"
"MORNING_LIGHT_10","土","식사·수면·생활 리듬","아침 빛 보기","SELF_TIMER","사용자수행형","사용자경과시간_초","N","사용자 시작 후 경과시간 기록","사용자 경과시간 또는 완료 확인","집","3","5","1","분","아침","밝은 빛이 오늘의 리듬을 다정하게 깨워요.","{place}에서 {num}{unit} 아침 빛 보기!","커튼만 걷거나 밝은 창가에 있어도 좋아요.","","Y","검수대기"
"NIGHT_STRETCH_11","土","식사·수면·생활 리듬","자기 전 몸 풀기","SELF_TIMER","사용자수행형","사용자경과시간_초","N","사용자 시작 후 경과시간 기록","사용자 경과시간 또는 완료 확인","집","3","5","1","분","저녁","하루의 긴장을 풀면 내일의 운도 편안해져요.","{place}에서 자기 전 {num}{unit} 몸 풀기!","반동 없이 목과 어깨를 편하게 늘여요.","","Y","검수대기"
"SAME_WAKE_12","土","식사·수면·생활 리듬","비슷한 시간에 일어나기","SELF_CHECK","사용자수행형","사용자확인,수행횟수(선택)","N","해당 없음","사용자가 완료를 확인","집","15","30","15","분","아침","일정한 시작이 오늘의 리듬운을 단단하게 해줘요.","평소 기상 시간에서 {num}{unit} 안쪽으로 일어나 보기!","잠이 많이 부족한 날은 무리하지 말고 쉬어요.","","Y","검수대기"
"SLOW_DINNER_13","土","식사·수면·생활 리듬","저녁 천천히 먹기","SELF_TIMER","사용자수행형","사용자경과시간_초","N","사용자 시작 후 경과시간 기록","사용자 경과시간 또는 완료 확인","집,주방","10","15","5","분","저녁","여유 있는 저녁이 마음의 복을 채워줘요.","{place}에서 {num}{unit} 천천히 저녁 먹기!","식사 시간이 짧아도 한두 입만 천천히 먹어봐요.","","Y","검수대기"
"MEAL_TABLE_14","土","식사·수면·생활 리듬","식탁에 앉아 먹기","SELF_CHECK","사용자수행형","사용자확인,수행횟수(선택)","N","해당 없음","사용자가 완료를 확인","집,주방","1","2","1","끼","점심,저녁","자리를 갖추면 오늘의 식사운도 안정돼요.","오늘 {num}{unit}는 식탁에 앉아 먹기!","가능한 한 서두르지 않는 자리를 골라요.","","Y","검수대기"
"SNACK_PORTION_15","土","식사·수면·생활 리듬","간식 덜어 먹기","SELF_CHECK","사용자수행형","사용자확인,수행횟수(선택)","N","해당 없음","사용자가 완료를 확인","집,주방,사무실","1","2","1","번","오후","알맞게 덜어내는 감각이 오늘의 균형을 지켜줘요.","간식을 접시에 {num}{unit} 덜어 먹기!","봉지째 먹기보다 먹을 만큼만 덜어봐요.","","Y","검수대기"
"LATE_SNACK_PAUSE_16","土","식사·수면·생활 리듬","야식 전 잠깐 멈추기","SELF_TIMER","사용자수행형","사용자경과시간_초","N","사용자 시작 후 경과시간 기록","사용자 경과시간 또는 완료 확인","집,주방","3","5","1","분","저녁","잠깐의 멈춤이 나에게 맞는 선택을 보여줘요.","출출하면 {num}{unit} 잠깐 멈춰보기!","배가 고프면 가벼운 음식을 먹어도 괜찮아요.","","Y","검수대기"
"DINNER_TIME_17","土","식사·수면·생활 리듬","저녁 시간 정해두기","SELF_CHECK","사용자수행형","사용자확인,수행횟수(선택)","N","해당 없음","사용자가 완료를 확인","집,주방","1","1","1","번","저녁","미리 정한 시간이 하루의 흐름을 정돈해줘요.","오늘 저녁 먹을 시간 {num}{unit} 정해두기!","정확히 지키기보다 대략의 시간을 정하면 돼요.","","Y","검수대기"
"MORNING_WASH_18","土","식사·수면·생활 리듬","아침 세수하기","SELF_CHECK","사용자수행형","사용자확인,수행횟수(선택)","N","해당 없음","사용자가 완료를 확인","집,욕실","1","1","1","번","아침","상쾌한 시작이 오늘의 기분운을 열어줘요.","{place}에서 아침 세수 {num}{unit} 하기!","피부가 예민하면 미지근한 물을 사용해요.","","Y","검수대기"
"BEDTIME_NOTE_19","土","식사·수면·생활 리듬","잠들 시간 적기","SELF_CHECK","사용자수행형","사용자확인,수행횟수(선택)","N","해당 없음","사용자가 완료를 확인","집,침실","1","1","1","번","저녁","밤의 약속을 적어두면 내일의 리듬이 쉬워져요.","오늘 잠들 시간을 {num}{unit} 적어두기!","실제와 달라도 괜찮아요. 목표 시간만 적어봐요.","","Y","검수대기"
"ROOM_DIM_20","土","식사·수면·생활 리듬","조명 어둡게 하기","SELF_CHECK","사용자수행형","사용자확인,수행횟수(선택)","N","해당 없음","사용자가 완료를 확인","집,침실","1","2","1","개","저녁","은은한 빛이 오늘의 마음을 차분하게 해줘요.","잠들기 전 조명 {num}{unit} 어둡게 하기!","넘어지지 않도록 이동할 길의 불은 남겨두어요.","","Y","검수대기"
"PILLOW_READY_21","土","식사·수면·생활 리듬","침대 정리하기","SELF_TIMER","사용자수행형","사용자경과시간_초","N","사용자 시작 후 경과시간 기록","사용자 경과시간 또는 완료 확인","집,침실","3","5","1","분","저녁","정돈된 잠자리가 편안한 밤의 운을 불러요.","{place}에서 {num}{unit} 침대 정리하기!","무거운 이불을 들기보다 가볍게 펴기만 해도 돼요.","","Y","검수대기"
"MEAL_COLOR_22","土","식사·수면·생활 리듬","색 다른 반찬 고르기","SELF_CHECK","사용자수행형","사용자확인,수행횟수(선택)","N","해당 없음","사용자가 완료를 확인","집,주방,식당","1","2","1","가지","점심,저녁","다채로운 색이 식탁과 기분에 활기를 줘요.","오늘 반찬 중 다른 색 {num}{unit} 고르기!","평소 먹는 음식 안에서 골라요.","","Y","검수대기"
"EAT_SEATED_23","土","식사·수면·생활 리듬","한 입 앉아 먹기","SELF_CHECK","사용자수행형","사용자확인,수행횟수(선택)","N","해당 없음","사용자가 완료를 확인","집,주방,사무실","1","3","1","번","언제나","잠시 앉아 먹는 여유가 하루를 안정시켜요.","서서 먹는 대신 앉아서 {num}{unit} 먹기!","한 끼 전체가 아니어도 한두 입이면 충분해요.","","Y","검수대기"
"FOOD_CHECK_24","土","식사·수면·생활 리듬","먹을 것 미리 보기","SELF_CHECK","사용자수행형","사용자확인,수행횟수(선택)","N","해당 없음","사용자가 완료를 확인","집,주방","1","2","1","번","아침,저녁","미리 살피는 마음이 오늘의 선택운을 밝혀줘요.","먹기 전 오늘의 식사를 {num}{unit} 살펴보기!","평가하지 말고 무엇을 먹을지만 가볍게 봐요.","","Y","검수대기"
"SLEEP_ALARM_25","土","식사·수면·생활 리듬","취침 알람 맞추기","SELF_CHECK","사용자수행형","사용자확인,수행횟수(선택)","N","해당 없음","사용자가 완료를 확인","집,침실","1","1","1","번","저녁","작은 알림이 편안한 밤으로 이끌어줘요.","잠자리 준비 알람 {num}{unit} 맞추기!","알람 시간은 부담 없는 때로 정해요.","","Y","검수대기"
"MORNING_CLOTHES_26","土","식사·수면·생활 리듬","내일 옷 준비하기","SELF_CHECK","사용자수행형","사용자확인,수행횟수(선택)","N","해당 없음","사용자가 완료를 확인","집,침실","1","2","1","벌","저녁","내일을 준비하면 오늘의 마음이 가벼워져요.","내일 입을 옷 {num}{unit} 준비하기!","날씨가 달라져도 괜찮으니 편한 옷을 골라요.","","Y","검수대기"
"SIT_BREAKFAST_27","土","식사·수면·생활 리듬","아침 한입 천천히 먹기","SELF_CHECK","사용자수행형","사용자확인,수행횟수(선택)","N","해당 없음","사용자가 완료를 확인","집,주방","1","3","1","입","아침","첫 한입의 여유가 오늘의 속도를 정해줘요.","아침 첫 {num}{unit} 천천히 먹기!","부담 없이 한입만 시도해도 충분해요.","","Y","검수대기"
"AFTER_MEAL_PAUSE_28","土","식사·수면·생활 리듬","식사 뒤 앉아 쉬기","SELF_TIMER","사용자수행형","사용자경과시간_초","N","사용자 시작 후 경과시간 기록","사용자 경과시간 또는 완료 확인","집,주방","3","5","1","분","점심,저녁","식사 뒤의 여유가 몸의 흐름을 부드럽게 해줘요.","식사 뒤 {num}{unit} 편히 앉아 쉬기!","바로 눕기보다 편안히 앉아 있어요.","","Y","검수대기"
"SLEEP_SOUND_29","土","식사·수면·생활 리듬","조용한 소리 고르기","SELF_CHECK","사용자수행형","사용자확인,수행횟수(선택)","N","해당 없음","사용자가 완료를 확인","집,침실","1","1","1","가지","저녁","고요한 선택이 오늘 밤의 운을 고르게 해줘요.","잠들기 전 편안한 소리 {num}{unit} 고르기!","소리가 오히려 방해되면 조용히 있는 편이 좋아요.","","Y","검수대기"
"MEAL_THANKS_30","土","식사·수면·생활 리듬","식사 전 감사하기","SELF_CHECK","사용자수행형","사용자확인,수행횟수(선택)","N","해당 없음","사용자가 완료를 확인","집,주방,식당","1","1","1","번","점심,저녁","고마운 마음이 오늘의 식사에 온기를 더해줘요.","먹기 전 감사한 것 {num}{unit} 떠올리기!","길게 생각하지 말고 한 가지만 떠올려요.","","Y","검수대기"
"WEEKDAY_RHYTHM_31","土","식사·수면·생활 리듬","오늘의 순서 정하기","SELF_CHECK","사용자수행형","사용자확인,수행횟수(선택)","N","해당 없음","사용자가 완료를 확인","집,책상 앞","1","3","1","가지","아침","하루의 순서를 정하면 기운이 덜 흩어져요.","오늘 할 일 순서 {num}{unit} 정해두기!","가장 쉬운 일부터 적어도 좋아요.","","Y","검수대기"
"TEA_PAUSE_32","土","식사·수면·생활 리듬","따뜻한 음료 천천히 마시기","SELF_TIMER","사용자수행형","사용자경과시간_초","N","사용자 시작 후 경과시간 기록","사용자 경과시간 또는 완료 확인","집,주방,사무실","3","5","1","분","오후","따뜻한 한 모금이 오늘의 마음운을 다독여줘요.","{place}에서 {num}{unit} 따뜻한 음료 천천히 마시기!","너무 뜨겁지 않은 온도로 마셔요.","","Y","검수대기"
"LUNCH_TIME_33","土","식사·수면·생활 리듬","점심 시간 확보하기","SELF_TIMER","사용자수행형","사용자경과시간_초","N","사용자 시작 후 경과시간 기록","사용자 경과시간 또는 완료 확인","집,사무실","10","20","5","분","점심","나를 위한 시간을 비우면 좋은 흐름이 생겨요.","점심에 {num}{unit}만큼 여유 두기!","정확한 시간보다 잠깐 멈춰 먹는 것이 중요해요.","","Y","검수대기"
"SLEEP_ROOM_AIR_34","土","식사·수면·생활 리듬","잠자리 환기하기","SELF_TIMER","사용자수행형","사용자경과시간_초","N","사용자 시작 후 경과시간 기록","사용자 경과시간 또는 완료 확인","집,침실","3","5","1","분","저녁","맑은 공기가 오늘 밤의 기운을 새롭게 해줘요.","잠들기 전 {num}{unit} 환기하기!","추운 날에는 창문을 조금만 열고 몸을 따뜻하게 해요.","","Y","검수대기"
"MEAL_START_SMALL_35","土","식사·수면·생활 리듬","작은 접시 먼저 쓰기","SELF_CHECK","사용자수행형","사용자확인,수행횟수(선택)","N","해당 없음","사용자가 완료를 확인","집,주방","1","1","1","개","점심,저녁","작게 시작하는 선택이 오늘의 균형운을 지켜줘요.","오늘 한 끼에 작은 접시 {num}{unit} 먼저 쓰기!","먹을 양을 제한하려는 것이 아니라 천천히 덜어보는 연습이에요.","","Y","검수대기"
"BEDTIME_THANKS_36","土","식사·수면·생활 리듬","오늘 수고 떠올리기","SELF_CHECK","사용자수행형","사용자확인,수행횟수(선택)","N","해당 없음","사용자가 완료를 확인","집,침실","1","3","1","가지","저녁","나를 다정히 바라보면 밤의 기운이 편안해져요.","잠들기 전 오늘 수고한 것 {num}{unit} 떠올리기!","아주 작은 일도 충분해요.","","Y","검수대기"
"MORNING_AIR_37","土","식사·수면·생활 리듬","아침 공기 마시기","SELF_TIMER","사용자수행형","사용자경과시간_초","N","사용자 시작 후 경과시간 기록","사용자 경과시간 또는 완료 확인","집,창가","1","3","1","분","아침","새 공기를 들이면 오늘의 흐름도 새로워져요.","{place}에서 {num}{unit} 아침 공기 마시기!","창문을 열기 어렵다면 창가에 잠시 서 있어요.","","Y","검수대기"
"DINNER_CLEAN_38","土","식사·수면·생활 리듬","식사 뒤 한 가지 정리하기","SELF_CHECK","사용자수행형","사용자확인,수행횟수(선택)","N","해당 없음","사용자가 완료를 확인","집,주방","1","3","1","개","저녁","식후의 작은 정리가 마음의 여유를 남겨줘요.","식사 뒤 식기 {num}{unit} 정리하기!","무리해 모두 치우지 않아도 괜찮아요.","","Y","검수대기"
"SLEEP_COMFORT_39","土","식사·수면·생활 리듬","편한 잠옷 고르기","SELF_CHECK","사용자수행형","사용자확인,수행횟수(선택)","N","해당 없음","사용자가 완료를 확인","집,침실","1","1","1","벌","저녁","편안함을 고르는 마음이 오늘 밤의 복이 돼요.","잠들기 전 편한 잠옷 {num}{unit} 고르기!","체온에 맞는 편한 옷이면 충분해요.","","Y","검수대기"
"DAY_CLOSE_40","土","식사·수면·생활 리듬","하루 마무리 순서 만들기","SELF_CHECK","사용자수행형","사용자확인,수행횟수(선택)","N","해당 없음","사용자가 완료를 확인","집,침실","1","3","1","가지","저녁","반복되는 마무리가 내일의 기운을 준비해줘요.","잠들기 전 순서 {num}{unit} 정해보기!","씻기나 조명 끄기처럼 쉬운 것부터 골라요.","","Y","검수대기"
"LOG_MEAL_01","金","기록","오늘 먹은 것 적기","SELF_CHECK","사용자수행형","사용자확인,수행횟수(선택)","N","해당 없음","사용자가 완료를 확인","집,책상 앞,지금 있는 곳","1","3","1","가지","저녁","기록하는 손끝에 오늘의 배움운이 쌓여요.","오늘 먹은 것 {num}{unit} 적어두기!","정확한 양이 아니라 이름만 적어도 충분해요.","","Y","검수대기"
"LOG_STEPS_02","金","기록","오늘 걸음 수 확인하기","SELF_CHECK","사용자수행형","사용자확인,수행횟수(선택)","N","해당 없음","사용자가 완료를 확인","집,책상 앞,지금 있는 곳","1","1","1","번","저녁","확인하는 순간에 내일의 활력운이 보여요.","오늘 걸음 수 {num}{unit} 확인하기!","휴대폰이나 연결된 앱에서 가볍게 확인해요.","","Y","검수대기"
"LOG_MOOD_03","金","기록","오늘 기분 남기기","SELF_CHECK","사용자수행형","사용자확인,수행횟수(선택)","N","해당 없음","사용자가 완료를 확인","집,책상 앞","1","5","1","점","저녁","있는 그대로 적는 마음이 감정의 길을 밝혀줘요.","오늘 기분을 {num}{unit}으로 남기기!","좋고 나쁨을 평가하지 말고 느낌대로 적어요.","","Y","검수대기"
"LOG_ACTIVITY_04","金","기록","움직인 시간 적기","SELF_CHECK","사용자수행형","사용자확인,수행횟수(선택)","N","해당 없음","사용자가 완료를 확인","집,책상 앞,지금 있는 곳","1","2","1","가지","저녁","움직임을 돌아보면 오늘의 성취운이 선명해져요.","오늘 움직인 시간 {num}{unit} 적어두기!","대략 몇 분이었는지만 적어도 좋아요.","","Y","검수대기"
"PLAN_TOMORROW_05","金","기록","내일 할 행동 적기","SELF_CHECK","사용자수행형","사용자확인,수행횟수(선택)","N","해당 없음","사용자가 완료를 확인","집,책상 앞","1","2","1","가지","저녁","작은 계획이 내일의 행운을 맞이할 자리를 만들어요.","내일 할 행동 {num}{unit} 적어두기!","물 한 잔처럼 아주 작은 계획이면 충분해요.","","Y","검수대기"
"LOG_PHOTO_06","金","기록","오늘 한 장 남기기","SELF_CHECK","사용자수행형","사용자확인,수행횟수(선택)","N","해당 없음","사용자가 완료를 확인","집,지금 있는 곳,책상 앞","1","2","1","장","저녁","오늘을 담아두면 좋은 기억운이 자라요.","오늘 기억할 장면 {num}{unit} 남기기!","먹은 것이나 하늘처럼 편한 대상을 찍어도 좋아요.","","Y","검수대기"
"REVIEW_WEEK_07","金","기록","이번 주 기록 돌아보기","SELF_TIMER","사용자수행형","사용자경과시간_초","N","사용자 시작 후 경과시간 기록","사용자 경과시간 또는 완료 확인","집,책상 앞","3","5","1","분","저녁","돌아보는 시간에 다음 주의 방향운이 생겨요.","{place}에서 {num}{unit} 이번 주 기록 돌아보기!","해낸 날을 먼저 찾아보고 빈 날은 그냥 넘겨요.","","Y","검수대기"
"LOG_WATER_08","金","기록","물 마신 때 표시하기","SELF_CHECK","사용자수행형","사용자확인,수행횟수(선택)","N","해당 없음","사용자가 완료를 확인","집,책상 앞,사무실","1","3","1","번","저녁","작은 표시가 나를 돌보는 기운을 키워줘요.","오늘 물 마신 때 {num}{unit} 표시하기!","정확히 모두 적지 않아도 한 번만 기록해도 돼요.","","Y","검수대기"
"LOG_SLEEP_09","金","기록","잠든 시간 적기","SELF_CHECK","사용자수행형","사용자확인,수행횟수(선택)","N","해당 없음","사용자가 완료를 확인","집,침실","1","1","1","번","아침","밤을 적어두면 오늘의 리듬운을 살필 수 있어요.","어제 잠든 시간 {num}{unit} 적어두기!","대략적인 시간으로 적어도 괜찮아요.","","Y","검수대기"
"LOG_WAKE_10","金","기록","일어난 시간 적기","SELF_CHECK","사용자수행형","사용자확인,수행횟수(선택)","N","해당 없음","사용자가 완료를 확인","집,침실","1","1","1","번","아침","아침을 기록하면 하루의 흐름이 또렷해져요.","오늘 일어난 시간 {num}{unit} 적어두기!","정확한 분까지 적지 않아도 돼요.","","Y","검수대기"
"LOG_ENERGY_11","金","기록","오늘 활력 적기","SELF_CHECK","사용자수행형","사용자확인,수행횟수(선택)","N","해당 없음","사용자가 완료를 확인","집,책상 앞","1","5","1","점","아침,저녁","내 몸의 기운을 알아차리면 선택운이 좋아져요.","오늘 활력을 {num}{unit}으로 남기기!","숫자가 어렵다면 높음과 보통과 낮음으로 적어도 좋아요.","","Y","검수대기"
"LOG_GRATITUDE_12","金","기록","고마운 일 적기","SELF_CHECK","사용자수행형","사용자확인,수행횟수(선택)","N","해당 없음","사용자가 완료를 확인","집,책상 앞,침실","1","3","1","가지","저녁","고마움을 적는 순간 오늘의 복이 오래 남아요.","오늘 고마운 일 {num}{unit} 적어두기!","사람이나 날씨처럼 사소한 것도 좋아요.","","Y","검수대기"
"LOG_WIN_13","金","기록","해낸 일 표시하기","SELF_CHECK","사용자수행형","사용자확인,수행횟수(선택)","N","해당 없음","사용자가 완료를 확인","집,책상 앞,지금 있는 곳","1","3","1","가지","저녁","해낸 것을 보면 자신감의 운이 커져요.","오늘 해낸 일 {num}{unit} 표시하기!","아주 작은 행동도 해낸 일로 적어도 돼요.","","Y","검수대기"
"LOG_REST_14","金","기록","쉰 시간 적기","SELF_CHECK","사용자수행형","사용자확인,수행횟수(선택)","N","해당 없음","사용자가 완료를 확인","집,책상 앞","1","2","1","번","저녁","휴식도 기록하면 나를 돌보는 길이 보여요.","오늘 쉰 순간 {num}{unit} 적어두기!","정확한 시간보다 쉬었다는 사실만 남겨도 좋아요.","","Y","검수대기"
"LOG_WEATHER_15","金","기록","오늘 날씨 적기","SELF_CHECK","사용자수행형","사용자확인,수행횟수(선택)","N","해당 없음","사용자가 완료를 확인","집,책상 앞,창가","1","2","1","가지","아침,저녁","하늘을 살피면 오늘의 감각운이 맑아져요.","오늘 날씨 느낌 {num}{unit} 적어두기!","맑음이나 흐림처럼 짧게 적으면 돼요.","","Y","검수대기"
"LOG_PAIN_16","金","기록","불편한 곳 확인하기","SELF_CHECK","사용자수행형","사용자확인,수행횟수(선택)","N","해당 없음","사용자가 완료를 확인","집,책상 앞","1","3","1","곳","저녁","몸의 신호를 알아차리는 것이 오늘의 지혜운이에요.","오늘 불편한 곳 {num}{unit} 확인하기!","통증이 심하거나 계속되면 의료진에게 상담하세요.","","Y","검수대기"
"LOG_HUNGER_17","金","기록","배고픔 느낌 적기","SELF_CHECK","사용자수행형","사용자확인,수행횟수(선택)","N","해당 없음","사용자가 완료를 확인","집,주방,책상 앞","1","3","1","번","점심,저녁","내 감각을 적어두면 식사의 균형운이 자라요.","식사 전 배고픔 느낌 {num}{unit} 적기!","정답은 없으니 배고픔이나 보통처럼 적어요.","","Y","검수대기"
"LOG_SMILE_18","金","기록","웃었던 순간 적기","SELF_CHECK","사용자수행형","사용자확인,수행횟수(선택)","N","해당 없음","사용자가 완료를 확인","집,책상 앞","1","2","1","가지","저녁","웃음의 기억이 오늘의 관계운을 따뜻하게 해줘요.","오늘 웃었던 순간 {num}{unit} 적어두기!","작은 미소도 충분히 적을 만해요.","","Y","검수대기"
"LOG_CONTACT_19","金","기록","연락한 사람 적기","SELF_CHECK","사용자수행형","사용자확인,수행횟수(선택)","N","해당 없음","사용자가 완료를 확인","집,책상 앞,지금 있는 곳","1","2","1","명","저녁","이어진 관계가 오늘의 마음운을 지켜줘요.","오늘 안부를 나눈 사람 {num}{unit} 적기!","이름 대신 가족이나 친구처럼 적어도 돼요.","","Y","검수대기"
"LOG_OUTDOOR_20","金","기록","밖에 나간 시간 적기","SELF_CHECK","사용자수행형","사용자확인,수행횟수(선택)","N","해당 없음","사용자가 완료를 확인","집,책상 앞","1","2","1","번","저녁","밖으로 나간 발걸음을 기억하면 활력운이 남아요.","오늘 밖에 나간 때 {num}{unit} 적어두기!","현관 앞에 나간 것도 기록해도 좋아요.","","Y","검수대기"
"LOG_FOOD_COLOR_21","金","기록","먹은 음식 색 적기","SELF_CHECK","사용자수행형","사용자확인,수행횟수(선택)","N","해당 없음","사용자가 완료를 확인","집,주방,책상 앞","1","3","1","가지","저녁","색을 기록하면 오늘의 식사운이 다채로워져요.","오늘 먹은 음식 색 {num}{unit} 적어두기!","정확한 이름 대신 색만 적어도 괜찮아요.","","Y","검수대기"
"LOG_BREATH_22","金","기록","숨 고른 순간 표시하기","SELF_CHECK","사용자수행형","사용자확인,수행횟수(선택)","N","해당 없음","사용자가 완료를 확인","집,책상 앞,사무실","1","3","1","번","저녁","호흡을 돌아보면 마음의 균형운이 찾아와요.","오늘 숨을 고른 순간 {num}{unit} 표시하기!","한 번이라도 알아차렸다면 충분해요.","","Y","검수대기"
"LOG_POSTURE_23","金","기록","자세 점검 적기","SELF_CHECK","사용자수행형","사용자확인,수행횟수(선택)","N","해당 없음","사용자가 완료를 확인","집,책상 앞,사무실","1","3","1","번","저녁","자세를 살피면 내 몸과의 연결운이 깊어져요.","오늘 자세를 바로잡은 때 {num}{unit} 적기!","자책하지 말고 알아차린 것만 적어요.","","Y","검수대기"
"LOG_SCREEN_24","金","기록","화면 쉰 시간 적기","SELF_CHECK","사용자수행형","사용자확인,수행횟수(선택)","N","해당 없음","사용자가 완료를 확인","집,책상 앞","1","2","1","번","저녁","화면을 쉬게 한 선택이 마음의 여백운을 줘요.","오늘 화면을 쉰 때 {num}{unit} 적어두기!","몇 분이었는지 몰라도 괜찮아요.","","Y","검수대기"
"LOG_FAVORITE_25","金","기록","좋았던 음식 적기","SELF_CHECK","사용자수행형","사용자확인,수행횟수(선택)","N","해당 없음","사용자가 완료를 확인","집,주방,책상 앞","1","2","1","가지","저녁","좋아한 것을 기억하면 일상의 기쁨운이 커져요.","오늘 좋았던 음식 {num}{unit} 적어두기!","건강 평가 없이 맛있었던 것만 적어도 좋아요.","","Y","검수대기"
"LOG_CHALLENGE_26","金","기록","어려웠던 순간 적기","SELF_CHECK","사용자수행형","사용자확인,수행횟수(선택)","N","해당 없음","사용자가 완료를 확인","집,책상 앞","1","2","1","가지","저녁","어려움을 알아차리면 내일의 지혜운이 생겨요.","오늘 어려웠던 순간 {num}{unit} 적어두기!","해결책까지 쓰지 않아도 괜찮아요.","","Y","검수대기"
"LOG_HELP_27","金","기록","도움 받은 일 적기","SELF_CHECK","사용자수행형","사용자확인,수행횟수(선택)","N","해당 없음","사용자가 완료를 확인","집,책상 앞","1","2","1","가지","저녁","도움을 기억하면 관계의 복이 깊어져요.","오늘 도움 받은 일 {num}{unit} 적어두기!","작은 배려도 기록해도 좋아요.","","Y","검수대기"
"LOG_SELFCARE_28","金","기록","나를 돌본 행동 적기","SELF_CHECK","사용자수행형","사용자확인,수행횟수(선택)","N","해당 없음","사용자가 완료를 확인","집,책상 앞,침실","1","3","1","가지","저녁","나를 챙긴 기록이 내일의 행운을 키워줘요.","오늘 나를 돌본 행동 {num}{unit} 적어두기!","쉬기나 물 마시기도 충분한 행동이에요.","","Y","검수대기"
"LOG_INTENTION_29","金","기록","오늘의 마음 정하기","SELF_CHECK","사용자수행형","사용자확인,수행횟수(선택)","N","해당 없음","사용자가 완료를 확인","집,책상 앞","1","1","1","가지","아침","마음을 정하면 오늘의 방향운이 분명해져요.","오늘의 마음 {num}{unit} 적어두기!","편안하게나 천천히처럼 한 단어도 좋아요.","","Y","검수대기"
"LOG_LEARN_30","金","기록","오늘 알게 된 것 적기","SELF_CHECK","사용자수행형","사용자확인,수행횟수(선택)","N","해당 없음","사용자가 완료를 확인","집,책상 앞","1","2","1","가지","저녁","깨달음을 적는 순간 성장의 운이 쌓여요.","오늘 알게 된 것 {num}{unit} 적어두기!","별것 아닌 발견도 괜찮아요.","","Y","검수대기"
"LOG_HOME_31","金","기록","집에서 한 움직임 적기","SELF_CHECK","사용자수행형","사용자확인,수행횟수(선택)","N","해당 없음","사용자가 완료를 확인","집,책상 앞","1","3","1","가지","저녁","집 안의 움직임도 오늘의 성취운이 돼요.","오늘 집에서 움직인 일 {num}{unit} 적어두기!","청소나 요리도 움직임으로 적어도 좋아요.","","Y","검수대기"
"LOG_PREP_32","金","기록","내일 준비한 것 적기","SELF_CHECK","사용자수행형","사용자확인,수행횟수(선택)","N","해당 없음","사용자가 완료를 확인","집,책상 앞,침실","1","3","1","가지","저녁","준비의 기록이 내일의 여유운을 남겨줘요.","내일을 위해 준비한 것 {num}{unit} 적어두기!","옷이나 물병처럼 작은 준비도 좋아요.","","Y","검수대기"
"LOG_CARD_33","金","기록","오늘 카드 느낌 적기","SELF_CHECK","사용자수행형","사용자확인,수행횟수(선택)","N","해당 없음","사용자가 완료를 확인","집,책상 앞,지금 있는 곳","1","2","1","문장","저녁","카드와 나눈 대화가 오늘의 통찰운을 줘요.","오늘 카드 느낌 {num}{unit} 적어두기!","한 단어만 적어도 충분해요.","","Y","검수대기"
"LOG_PROGRESS_34","金","기록","지난 기록과 비교하기","SELF_TIMER","사용자수행형","사용자경과시간_초","N","사용자 시작 후 경과시간 기록","사용자 경과시간 또는 완료 확인","집,책상 앞","2","5","1","분","저녁","비교보다 발견에 집중하면 성장운이 보여요.","{place}에서 {num}{unit} 지난 기록 살펴보기!","부족한 점보다 달라진 점 하나를 찾아봐요.","","Y","검수대기"
"LOG_FUTURE_35","金","기록","다음에 해볼 것 적기","SELF_CHECK","사용자수행형","사용자확인,수행횟수(선택)","N","해당 없음","사용자가 완료를 확인","집,책상 앞","1","2","1","가지","저녁","다음 한 걸음을 적으면 기회의 운이 가까워져요.","다음에 해볼 것 {num}{unit} 적어두기!","바로 할 수 있는 쉬운 행동을 골라요.","","Y","검수대기"
"LOG_RELAX_36","金","기록","편안했던 순간 적기","SELF_CHECK","사용자수행형","사용자확인,수행횟수(선택)","N","해당 없음","사용자가 완료를 확인","집,책상 앞,침실","1","3","1","가지","저녁","편안함을 기억하면 마음의 복이 오래가요.","오늘 편안했던 순간 {num}{unit} 적어두기!","잠깐 창을 본 것도 충분해요.","","Y","검수대기"
"LOG_SUPPORT_37","金","기록","응원할 사람 적기","SELF_CHECK","사용자수행형","사용자확인,수행횟수(선택)","N","해당 없음","사용자가 완료를 확인","집,책상 앞","1","2","1","명","저녁","응원의 마음이 관계의 기운을 따뜻하게 해줘요.","오늘 응원할 사람 {num}{unit} 적어두기!","이름을 쓰기 어렵다면 떠올리기만 해도 좋아요.","","Y","검수대기"
"LOG_TOMORROW_FEEL_38","金","기록","내일 기대 적기","SELF_CHECK","사용자수행형","사용자확인,수행횟수(선택)","N","해당 없음","사용자가 완료를 확인","집,책상 앞,침실","1","2","1","가지","저녁","기대 하나가 내일의 밝은 운을 불러와요.","내일 기대하는 것 {num}{unit} 적어두기!","아주 소소한 일도 좋아요.","","Y","검수대기"
"LOG_BREATHING_39","金","기록","호흡 후 느낌 적기","SELF_CHECK","사용자수행형","사용자확인,수행횟수(선택)","N","해당 없음","사용자가 완료를 확인","집,책상 앞","1","2","1","단어","언제나","느낌을 붙잡는 순간 마음의 방향운이 또렷해져요.","숨을 고른 뒤 느낌 {num}{unit} 적기!","편함이나 보통처럼 짧게 적으면 돼요.","","Y","검수대기"
"LOG_CLOSE_40","金","기록","오늘 한 줄 마무리","SELF_CHECK","사용자수행형","사용자확인,수행횟수(선택)","N","해당 없음","사용자가 완료를 확인","집,책상 앞,침실","1","1","1","문장","저녁","하루를 마무리하는 한 줄이 내일의 운을 준비해줘요.","오늘을 한 {num}{unit}으로 마무리하기!","완전한 문장이 아니어도 괜찮아요.","","Y","검수대기"
"DRINK_WATER_01","水","수분·회복","물 마시기","SELF_CHECK","사용자수행형","사용자확인,수행횟수(선택)","N","해당 없음","사용자가 완료를 확인","집,책상 앞,사무실,지금 있는 곳","1","2","1","잔","언제나","맑은 한 모금이 오늘의 기운을 채워줘요.","{place}에서 물 {num}{unit} 마시기!","한 번에 많이 마시기보다 천천히 나눠 마셔요.","","Y","검수대기"
"WATER_WAKE_02","水","수분·회복","일어나서 물 마시기","SELF_CHECK","사용자수행형","사용자확인,수행횟수(선택)","N","해당 없음","사용자가 완료를 확인","집,주방","1","1","1","잔","아침","아침 한 잔이 오늘의 흐름을 산뜻하게 열어요.","일어나서 물 {num}{unit} 마시기!","미지근한 물을 한 모금씩 마셔도 좋아요.","","Y","검수대기"
"WATER_MEAL_03","水","수분·회복","식사 전 물 마시기","SELF_CHECK","사용자수행형","사용자확인,수행횟수(선택)","N","해당 없음","사용자가 완료를 확인","집,주방,지금 있는 곳","1","1","1","잔","점심,저녁","식사 전의 작은 여유가 몸의 리듬을 도와줘요.","밥 먹기 전에 물 {num}{unit} 마시기!","속이 불편하면 식사와 시간을 조금 띄워요.","","Y","검수대기"
"FILL_TUMBLER_04","水","수분·회복","텀블러 채워두기","SELF_CHECK","사용자수행형","사용자확인,수행횟수(선택)","N","해당 없음","사용자가 완료를 확인","집,책상 앞,사무실","1","2","1","번","아침,오후","눈에 보이는 준비가 오늘의 돌봄운을 지켜줘요.","{place}에서 텀블러 {num}{unit} 채워두기!","손이 닿는 곳에 두면 자연스럽게 마시기 쉬워요.","","Y","검수대기"
"WATER_SWAP_05","水","수분·회복","음료 한 잔 물로 바꾸기","SELF_CHECK","사용자수행형","사용자확인,수행횟수(선택)","N","해당 없음","사용자가 완료를 확인","집,사무실,책상 앞","1","2","1","잔","오후","작은 바꾸기가 오늘의 몸을 가볍게 해줘요.","오늘 마실 음료 중 {num}{unit}은 물로 바꿔보기!","커피를 꼭 줄이라는 뜻은 아니에요.","","Y","검수대기"
"SIP_PAUSE_06","水","수분·회복","한 모금 쉬어가기","SELF_CHECK","사용자수행형","사용자확인,수행횟수(선택)","N","해당 없음","사용자가 완료를 확인","집,책상 앞,사무실","1","3","1","번","언제나","잠깐의 한 모금이 오늘의 속도를 고르게 해줘요.","{place}에서 물 한 모금 {num}{unit} 마시기!","갈증이 나기 전에 편하게 한 모금 마셔요.","","Y","검수대기"
"WATER_BOTTLE_07","水","수분·회복","물병 가까이 두기","SELF_CHECK","사용자수행형","사용자확인,수행횟수(선택)","N","해당 없음","사용자가 완료를 확인","집,책상 앞,사무실","1","1","1","개","아침","가까이 둔 물병이 오늘의 회복운을 도와줘요.","{place}에 물병 {num}{unit} 가까이 두기!","넘어지지 않는 자리를 골라요.","","Y","검수대기"
"DEEP_BREATH_08","水","수분·회복","깊게 숨 쉬기","SELF_TIMER","사용자수행형","사용자경과시간_초","N","사용자 시작 후 경과시간 기록","사용자 경과시간 또는 완료 확인","집,책상 앞,사무실,지금 있는 곳","1","3","1","분","언제나","호흡을 고르면 오늘의 마음운도 잔잔해져요.","{place}에서 {num}{unit} 깊게 숨 쉬기!","어지러우면 평소 호흡으로 돌아와요.","","Y","검수대기"
"EYE_REST_09","水","수분·회복","눈 쉬게 하기","SELF_TIMER","사용자수행형","사용자경과시간_초","N","사용자 시작 후 경과시간 기록","사용자 경과시간 또는 완료 확인","집,책상 앞,사무실","1","3","1","분","오후","잠깐의 눈 휴식이 오늘의 시야운을 맑게 해줘요.","{place}에서 {num}{unit} 눈 쉬게 하기!","눈을 감거나 먼 곳을 편하게 바라봐요.","","Y","검수대기"
"NECK_RELAX_10","水","수분·회복","목과 어깨 풀기","SELF_TIMER","사용자수행형","사용자경과시간_초","N","사용자 시작 후 경과시간 기록","사용자 경과시간 또는 완료 확인","집,책상 앞,사무실","1","3","1","분","언제나","긴장을 풀면 오늘의 기운이 다시 흐르기 시작해요.","{place}에서 {num}{unit} 목과 어깨 풀기!","고개를 천천히 기울이고 아프면 멈춰요.","","Y","검수대기"
"SIT_QUIET_11","水","수분·회복","아무것도 안 하고 앉기","SELF_TIMER","사용자수행형","사용자경과시간_초","N","사용자 시작 후 경과시간 기록","사용자 경과시간 또는 완료 확인","집,가까운 공원,지금 있는 곳","3","5","1","분","저녁","아무것도 하지 않는 시간이 오늘의 여백운이에요.","{place}에서 {num}{unit} 조용히 앉아 있기!","휴대폰을 잠시 내려놓고 편한 자세로 앉아요.","","Y","검수대기"
"WINDOW_GAZE_12","水","수분·회복","창밖 보기","SELF_TIMER","사용자수행형","사용자경과시간_초","N","사용자 시작 후 경과시간 기록","사용자 경과시간 또는 완료 확인","집,사무실,창가","1","3","1","분","언제나","창밖을 바라보면 마음의 흐름이 환기돼요.","{place}에서 {num}{unit} 창밖 보기!","눈부시면 시선을 조금 아래로 두어요.","","Y","검수대기"
"SHOULDER_BREATH_13","水","수분·회복","어깨 내리며 숨 쉬기","SELF_CHECK","사용자수행형","사용자확인,수행횟수(선택)","N","해당 없음","사용자가 완료를 확인","집,책상 앞,사무실","3","5","1","번","언제나","내쉬는 숨마다 오늘의 무거움이 가벼워져요.","{place}에서 어깨를 내리며 숨 {num}{unit} 쉬기!","숨을 길게 억지로 참지 않아도 돼요.","","Y","검수대기"
"HAND_WARM_14","水","수분·회복","손 따뜻하게 하기","SELF_TIMER","사용자수행형","사용자경과시간_초","N","사용자 시작 후 경과시간 기록","사용자 경과시간 또는 완료 확인","집,사무실","1","3","1","분","언제나","따뜻한 손끝이 오늘의 안정운을 전해줘요.","{place}에서 손을 {num}{unit} 따뜻하게 하기!","너무 뜨거운 물은 피하고 편한 온도를 사용해요.","","Y","검수대기"
"FACE_WASH_15","水","수분·회복","얼굴 가볍게 씻기","SELF_CHECK","사용자수행형","사용자확인,수행횟수(선택)","N","해당 없음","사용자가 완료를 확인","집,욕실","1","1","1","번","아침,오후","산뜻한 물기운이 오늘의 기분을 바꿔줘요.","{place}에서 얼굴을 {num}{unit} 가볍게 씻기!","피부가 예민하면 자극 없는 방법을 선택해요.","","Y","검수대기"
"QUIET_MUSIC_16","水","수분·회복","잔잔한 음악 듣기","SELF_TIMER","사용자수행형","사용자경과시간_초","N","사용자 시작 후 경과시간 기록","사용자 경과시간 또는 완료 확인","집,사무실,지금 있는 곳","3","5","1","분","저녁","잔잔한 소리가 오늘의 마음운을 고르게 해줘요.","{place}에서 잔잔한 음악 {num}{unit} 듣기!","소리는 편안한 크기로 맞춰요.","","Y","검수대기"
"PALM_PRESS_RELAX_17","水","수분·회복","손바닥 가볍게 문지르기","SELF_TIMER","사용자수행형","사용자경과시간_초","N","사용자 시작 후 경과시간 기록","사용자 경과시간 또는 완료 확인","집,책상 앞,사무실","1","2","1","분","언제나","손바닥의 온기가 오늘의 긴장을 녹여줘요.","{place}에서 손바닥을 {num}{unit} 문지르기!","피부가 아프지 않게 부드럽게 문질러요.","","Y","검수대기"
"STAND_LOOK_FAR_18","水","수분·회복","먼 곳 보기","SELF_TIMER","사용자수행형","사용자경과시간_초","N","사용자 시작 후 경과시간 기록","사용자 경과시간 또는 완료 확인","집,사무실,창가","1","3","1","분","오후","시선을 멀리 두면 오늘의 생각운도 넓어져요.","{place}에서 {num}{unit} 먼 곳 바라보기!","어지러우면 앉아서 편하게 바라봐요.","","Y","검수대기"
"SLOW_EXHALE_19","水","수분·회복","천천히 내쉬기","SELF_CHECK","사용자수행형","사용자확인,수행횟수(선택)","N","해당 없음","사용자가 완료를 확인","집,책상 앞,사무실","3","5","1","번","언제나","길게 내쉬는 숨이 오늘의 마음을 다독여줘요.","{place}에서 숨을 {num}{unit} 천천히 내쉬기!","불편하면 평소 호흡으로 돌아와요.","","Y","검수대기"
"WATER_AFTER_WALK_20","水","수분·회복","걸은 뒤 물 마시기","SELF_CHECK","사용자수행형","사용자확인,수행횟수(선택)","N","해당 없음","사용자가 완료를 확인","집,사무실,지금 있는 곳","1","1","1","잔","언제나","움직인 뒤의 한 잔이 오늘의 회복운을 채워줘요.","걸은 뒤 물 {num}{unit} 마시기!","목이 마르면 천천히 나눠 마셔요.","","Y","검수대기"
"REST_FEET_21","水","수분·회복","발 편히 쉬게 하기","SELF_TIMER","사용자수행형","사용자경과시간_초","N","사용자 시작 후 경과시간 기록","사용자 경과시간 또는 완료 확인","집,책상 앞","3","5","1","분","저녁","발을 쉬게 하면 오늘의 걸음운도 편안해져요.","{place}에서 발을 편히 두고 {num}{unit} 쉬기!","발이 붓거나 통증이 심하면 의료진과 상담하세요.","","Y","검수대기"
"SIT_BACK_22","水","수분·회복","등받이에 기대기","SELF_TIMER","사용자수행형","사용자경과시간_초","N","사용자 시작 후 경과시간 기록","사용자 경과시간 또는 완료 확인","집,사무실,책상 앞","1","3","1","분","언제나","잠시 기대는 여유가 오늘의 힘을 되돌려줘요.","{place}에서 등받이에 기대 {num}{unit} 쉬기!","허리가 불편하지 않은 편한 자세를 찾아요.","","Y","검수대기"
"WATER_BEFORE_OUT_23","水","수분·회복","외출 전 물 챙기기","SELF_CHECK","사용자수행형","사용자확인,수행횟수(선택)","N","해당 없음","사용자가 완료를 확인","집,현관","1","1","1","병","아침,오후","미리 챙기는 한 병이 오늘의 든든한 운이 돼요.","외출 전 물 {num}{unit} 챙기기!","필요한 만큼만 가볍게 챙겨요.","","Y","검수대기"
"WATER_REFILL_24","水","수분·회복","물병 다시 채우기","SELF_CHECK","사용자수행형","사용자확인,수행횟수(선택)","N","해당 없음","사용자가 완료를 확인","집,사무실,책상 앞","1","2","1","번","오후","다시 채우는 행동이 오늘의 돌봄운을 이어줘요.","물병을 {num}{unit} 다시 채우기!","물 섭취 제한 안내를 받았다면 그 지침을 따라요.","","Y","검수대기"
"CALM_CORNER_25","水","수분·회복","조용한 곳 찾기","SELF_CHECK","사용자수행형","사용자확인,수행횟수(선택)","N","해당 없음","사용자가 완료를 확인","집,사무실,가까운 공원","1","1","1","곳","언제나","나만의 조용한 자리가 오늘의 평온운을 줘요.","{place}에서 조용한 곳 {num}{unit} 찾아보기!","완전히 조용하지 않아도 편하면 충분해요.","","Y","검수대기"
"BREATH_COUNT_26","水","수분·회복","숨 횟수 세기","SELF_CHECK","사용자수행형","사용자확인,수행횟수(선택)","N","해당 없음","사용자가 완료를 확인","집,책상 앞,사무실","3","5","1","번","언제나","호흡을 세면 흩어진 마음이 오늘로 돌아와요.","편한 숨 {num}{unit} 세어보기!","숨을 조절하려 애쓰지 말고 자연스럽게 세어요.","","Y","검수대기"
"EYE_BLINK_27","水","수분·회복","눈 천천히 깜빡이기","SELF_CHECK","사용자수행형","사용자확인,수행횟수(선택)","N","해당 없음","사용자가 완료를 확인","집,책상 앞,사무실","5","10","5","번","오후","부드러운 깜빡임이 오늘의 시야운을 쉬게 해줘요.","{place}에서 눈을 {num}{unit} 천천히 깜빡이기!","눈을 세게 감지 말고 편하게 깜빡여요.","","Y","검수대기"
"WRIST_REST_28","水","수분·회복","손목 쉬게 하기","SELF_TIMER","사용자수행형","사용자경과시간_초","N","사용자 시작 후 경과시간 기록","사용자 경과시간 또는 완료 확인","집,책상 앞,사무실","1","3","1","분","언제나","손목에 쉼을 주면 오늘의 일운도 한결 부드러워져요.","{place}에서 손목을 쉬게 하며 {num}{unit} 멈추기!","통증이 계속되면 반복 동작을 줄이고 상담하세요.","","Y","검수대기"
"QUIET_TEA_29","水","수분·회복","따뜻한 물 한 모금","SELF_CHECK","사용자수행형","사용자확인,수행횟수(선택)","N","해당 없음","사용자가 완료를 확인","집,주방,사무실","1","2","1","모금","오전,오후","따뜻한 한 모금이 오늘의 속도를 누그러뜨려요.","{place}에서 따뜻한 물 {num}{unit} 마시기!","뜨겁지 않은 온도로 천천히 마셔요.","","Y","검수대기"
"PAUSE_WINDOW_30","水","수분·회복","창가에서 숨 고르기","SELF_TIMER","사용자수행형","사용자경과시간_초","N","사용자 시작 후 경과시간 기록","사용자 경과시간 또는 완료 확인","집,사무실,창가","1","3","1","분","언제나","창가의 짧은 멈춤이 오늘의 여유운을 열어요.","{place}에서 {num}{unit} 숨 고르기!","편한 자세로 서거나 앉아서 해요.","","Y","검수대기"
"REST_SHOULDERS_31","水","수분·회복","어깨 힘 빼기","SELF_CHECK","사용자수행형","사용자확인,수행횟수(선택)","N","해당 없음","사용자가 완료를 확인","집,책상 앞,사무실","3","5","1","번","언제나","힘을 빼는 순간 오늘의 기운이 부드럽게 돌아와요.","{place}에서 어깨 힘을 {num}{unit} 빼기!","숨을 내쉬며 가볍게 내려놓아요.","","Y","검수대기"
"WATER_VISUAL_32","水","수분·회복","물 마실 자리 만들기","SELF_CHECK","사용자수행형","사용자확인,수행횟수(선택)","N","해당 없음","사용자가 완료를 확인","집,책상 앞,사무실","1","1","1","곳","아침","마실 자리를 만들면 오늘의 회복운이 가까워져요.","{place}에 물 마실 자리 {num}{unit} 만들기!","컵이 넘어지지 않는 평평한 곳을 골라요.","","Y","검수대기"
"SIT_SUN_33","水","수분·회복","햇빛 아래 잠깐 쉬기","SELF_TIMER","사용자수행형","사용자경과시간_초","N","사용자 시작 후 경과시간 기록","사용자 경과시간 또는 완료 확인","집,가까운 공원,창가","3","5","1","분","아침","밝은 곳의 쉼이 오늘의 기분운을 채워줘요.","{place}에서 {num}{unit} 햇빛 아래 쉬기!","햇빛이 강하면 그늘에서 쉬고 눈부심을 피하세요.","","Y","검수대기"
"SOUND_PAUSE_34","水","수분·회복","주변 소리 듣기","SELF_TIMER","사용자수행형","사용자경과시간_초","N","사용자 시작 후 경과시간 기록","사용자 경과시간 또는 완료 확인","집,가까운 공원,사무실","1","3","1","분","언제나","소리를 듣는 순간 오늘의 마음이 제자리로 돌아와요.","{place}에서 주변 소리를 {num}{unit} 듣기!","좋고 나쁨을 판단하지 말고 그냥 들어봐요.","","Y","검수대기"
"WATER_CUP_RINSE_35","水","수분·회복","물컵 준비하기","SELF_CHECK","사용자수행형","사용자확인,수행횟수(선택)","N","해당 없음","사용자가 완료를 확인","집,주방,사무실","1","2","1","개","아침","깨끗한 컵 하나가 오늘의 돌봄운을 시작해줘요.","물컵 {num}{unit} 준비하기!","깨끗한 컵을 사용하고 물 섭취 제한 지침은 따라요.","","Y","검수대기"
"CALM_WORD_36","水","수분·회복","나에게 다정한 말 하기","SELF_CHECK","사용자수행형","사용자확인,수행횟수(선택)","N","해당 없음","사용자가 완료를 확인","집,책상 앞,지금 있는 곳","1","2","1","문장","언제나","다정한 한마디가 오늘의 마음운을 지켜줘요.","나에게 다정한 말 {num}{unit} 건네기!","억지로 긍정하지 말고 괜찮다고 말해도 충분해요.","","Y","검수대기"
"FACE_RELAX_37","水","수분·회복","얼굴 힘 풀기","SELF_TIMER","사용자수행형","사용자경과시간_초","N","사용자 시작 후 경과시간 기록","사용자 경과시간 또는 완료 확인","집,책상 앞,사무실","1","2","1","분","언제나","얼굴의 힘을 풀면 오늘의 긴장도 누그러져요.","{place}에서 얼굴 힘을 {num}{unit} 풀기!","이를 꽉 물고 있었다면 턱을 살짝 느슨하게 해요.","","Y","검수대기"
"WATER_CHECK_38","水","수분·회복","갈증 확인하기","SELF_CHECK","사용자수행형","사용자확인,수행횟수(선택)","N","해당 없음","사용자가 완료를 확인","집,책상 앞,사무실","1","3","1","번","언제나","내 몸의 신호를 듣는 것이 오늘의 회복운이에요.","오늘 갈증을 {num}{unit} 확인하기!","갈증이 느껴지면 편하게 물을 마시고 제한 지침은 따라요.","","Y","검수대기"
"REST_HANDS_39","水","수분·회복","손 쉬게 하기","SELF_TIMER","사용자수행형","사용자경과시간_초","N","사용자 시작 후 경과시간 기록","사용자 경과시간 또는 완료 확인","집,책상 앞,사무실","1","3","1","분","언제나","잠시 손을 쉬게 하면 오늘의 속도가 부드러워져요.","{place}에서 손을 내려놓고 {num}{unit} 쉬기!","손에 힘이 들어간 일을 했다면 가볍게 털어줘요.","","Y","검수대기"
"RECOVERY_CLOSE_40","水","수분·회복","오늘의 쉼 정하기","SELF_CHECK","사용자수행형","사용자확인,수행횟수(선택)","N","해당 없음","사용자가 완료를 확인","집,책상 앞,침실","1","1","1","가지","저녁","나에게 필요한 쉼을 고르는 것이 오늘의 가장 큰 행운이에요.","오늘 나에게 필요한 쉼 {num}{unit} 정하기!","아무것도 하지 않는 쉼도 좋은 선택이에요.","","Y","검수대기"
"RUN_LIGHT_01","木","유산소","가볍게 뛰기","MODEL_DISTANCE","모델측정형","이동거리_m,유효활동시간_초,걸음수,케이던스_spm(선택)","Y","미션 시작 후 GPS·움직임 모델 활성","모델이 인식한 이동거리_m가 목표 이상","가까운 공원,집 주변","300","500","100","m","아침,오후","가벼운 뜀걸음이 오늘의 활력운을 깨워줘요.","{place}에서 {num}{unit} 가볍게 뛰기!","걷기부터 시작하고 숨이 차거나 통증이 있으면 바로 걷기로 바꿔요.","HIGH_IMPACT","N","검수대기"
"RUN_PARK_02","木","유산소","공원에서 천천히 달리기","MODEL_DISTANCE","모델측정형","이동거리_m,유효활동시간_초,걸음수,케이던스_spm(선택)","Y","미션 시작 후 GPS·움직임 모델 활성","모델이 인식한 이동거리_m가 목표 이상","가까운 공원,집 주변","400","600","100","m","아침,오후","천천히 달리는 리듬이 오늘의 기분을 환기해줘요.","{place}에서 {num}{unit} 천천히 달리기!","평지와 밝은 길을 고르고 보폭은 작게 유지해요.","HIGH_IMPACT","N","검수대기"
"RUN_WALK_03","木","유산소","걷고 뛰기 번갈아 하기","MODEL_DISTANCE","모델측정형","이동거리_m,유효활동시간_초,걸음수,케이던스_spm(선택)","Y","미션 시작 후 GPS·움직임 모델 활성","모델이 인식한 이동거리_m가 목표 이상","가까운 공원,집 주변","300","500","100","m","오후","걷기와 뜀걸음을 섞으면 오늘의 흐름이 자연스러워져요.","{place}에서 {num}{unit} 걷고 뛰기 번갈아 하기!","힘들면 뛰는 구간을 줄이고 걷기만 해도 괜찮아요.","HIGH_IMPACT","N","검수대기"
"RUN_SHORT_04","木","유산소","짧은 거리 뛰기","MODEL_DISTANCE","모델측정형","이동거리_m,유효활동시간_초,걸음수,케이던스_spm(선택)","Y","미션 시작 후 GPS·움직임 모델 활성","모델이 인식한 이동거리_m가 목표 이상","집 주변,가까운 산책로","200","400","100","m","언제나","짧은 도전이 오늘의 자신감을 한 걸음 키워줘요.","{place}에서 {num}{unit} 짧은 거리 뛰기!","출발 전 발목을 가볍게 풀고 무리해서 속도를 내지 않아요.","HIGH_IMPACT","N","검수대기"
"RUN_EVENING_05","木","유산소","저녁 가볍게 뛰기","MODEL_DISTANCE","모델측정형","이동거리_m,유효활동시간_초,걸음수,케이던스_spm(선택)","Y","미션 시작 후 GPS·움직임 모델 활성","모델이 인식한 이동거리_m가 목표 이상","집 주변,가까운 공원","300","500","100","m","저녁","하루의 끝에 가벼운 달리기가 기분 좋은 활력을 남겨줘요.","{place}에서 {num}{unit} 가볍게 뛰기!","어두운 길은 피하고 이어폰 소리는 주변 소리가 들리게 해요.","HIGH_IMPACT","N","검수대기"
"RUN_ROUTE_06","木","유산소","익숙한 길 달리기","MODEL_DISTANCE","모델측정형","이동거리_m,유효활동시간_초,걸음수,케이던스_spm(선택)","Y","미션 시작 후 GPS·움직임 모델 활성","모델이 인식한 이동거리_m가 목표 이상","집 주변,가까운 산책로","500","800","100","m","아침,오후","익숙한 길을 달리면 오늘의 도전운이 안정적으로 자라요.","{place}에서 익숙한 길을 따라 {num}{unit} 달리기!","신호와 보행자를 살피고 컨디션이 좋지 않으면 걷기로 전환해요.","HIGH_IMPACT","N","검수대기"
"STAIR_COUNT_01","木","유산소","계단 10칸 오르기","MODEL_STAIR_COUNT","모델측정형","계단칸수,걸음수,고도변화_m(선택)","Y","미션 시작 후 계단 인식 모델 활성","모델이 인식한 계단칸수가 목표 이상","집,사무실,지하철역","10","15","5","칸","아침,오후","한 칸씩 오르는 힘이 오늘의 자신감을 세워줘요.","{place}에서 계단 {num}{unit} 오르기!","난간을 잡고 천천히 올라가요. 무릎이 불편하면 걷기로 바꿔요.","HIGH_IMPACT","Y","검수대기"
"STAIR_COUNT_02","木","유산소","계단 천천히 오르기","MODEL_STAIR_COUNT","모델측정형","계단칸수,걸음수,고도변화_m(선택)","Y","미션 시작 후 계단 인식 모델 활성","모델이 인식한 계단칸수가 목표 이상","집,사무실,지하철역","10","20","5","칸","오후","천천히 쌓는 한 칸이 오늘의 활력운이 돼요.","{place}에서 계단 {num}{unit} 천천히 오르기!","발 전체를 디디고 난간을 잡아 균형을 지켜요.","HIGH_IMPACT","Y","검수대기"
"STAIR_COUNT_03","木","유산소","난간 잡고 계단 오르기","MODEL_STAIR_COUNT","모델측정형","계단칸수,걸음수,고도변화_m(선택)","Y","미션 시작 후 계단 인식 모델 활성","모델이 인식한 계단칸수가 목표 이상","집,사무실,지하철역","15","20","5","칸","언제나","안정된 한 걸음이 오늘의 좋은 흐름을 만들어요.","{place}에서 난간을 잡고 계단 {num}{unit} 오르기!","한 칸씩 오르고 숨이 차면 중간에 쉬어가요.","HIGH_IMPACT","Y","검수대기"
"STAIR_COUNT_04","木","유산소","가까운 계단 오르기","MODEL_STAIR_COUNT","모델측정형","계단칸수,걸음수,고도변화_m(선택)","Y","미션 시작 후 계단 인식 모델 활성","모델이 인식한 계단칸수가 목표 이상","집,사무실,지하철역","15","25","5","칸","아침,오후","가까운 계단의 작은 선택이 오늘의 기운을 깨워줘요.","{place}에서 가까운 계단 {num}{unit} 오르기!","미끄럽거나 어두운 계단은 피하고 발밑을 살펴요.","HIGH_IMPACT","Y","검수대기"
"STAIR_COUNT_05","木","유산소","식사 뒤 계단 오르기","MODEL_STAIR_COUNT","모델측정형","계단칸수,걸음수,고도변화_m(선택)","Y","미션 시작 후 계단 인식 모델 활성","모델이 인식한 계단칸수가 목표 이상","집,사무실","10","20","5","칸","점심,저녁","식사 뒤의 가벼운 움직임이 몸의 리듬을 도와줘요.","식사 뒤 {place}에서 계단 {num}{unit} 오르기!","식사 직후 불편하면 잠깐 쉬었다가 시작해요.","HIGH_IMPACT","Y","검수대기"
"STAIR_COUNT_06","木","유산소","계단 20칸 도전하기","MODEL_STAIR_COUNT","모델측정형","계단칸수,걸음수,고도변화_m(선택)","Y","미션 시작 후 계단 인식 모델 활성","모델이 인식한 계단칸수가 목표 이상","집,사무실,지하철역","20","25","5","칸","오후","조금 더 오르는 선택이 오늘의 성취운을 키워줘요.","{place}에서 계단 {num}{unit} 도전하기!","무릎이나 발목에 통증이 있으면 목표를 낮추거나 멈춰요.","HIGH_IMPACT","Y","검수대기"
"STAIR_COUNT_07","木","유산소","계단 쉬어가며 오르기","MODEL_STAIR_COUNT","모델측정형","계단칸수,걸음수,고도변화_m(선택)","Y","미션 시작 후 계단 인식 모델 활성","모델이 인식한 계단칸수가 목표 이상","집,사무실,지하철역","20","30","5","칸","언제나","쉬어가는 힘이 오늘의 도전을 오래 이어줘요.","{place}에서 쉬어가며 계단 {num}{unit} 오르기!","중간에 멈춰 숨을 고르고 난간에서 손을 떼지 않아요.","HIGH_IMPACT","Y","검수대기"
"STAIR_COUNT_08","木","유산소","계단으로 한 번 이동하기","MODEL_STAIR_COUNT","모델측정형","계단칸수,걸음수,고도변화_m(선택)","Y","미션 시작 후 계단 인식 모델 활성","모델이 인식한 계단칸수가 목표 이상","집,사무실,지하철역","15","30","5","칸","오후","일상의 이동을 바꾸면 오늘의 활력도 달라져요.","{place}에서 계단 {num}{unit} 오르며 이동하기!","엘리베이터를 타야 할 만큼 힘들면 무리하지 않아요.","HIGH_IMPACT","Y","검수대기"
"STAIR_COUNT_09","木","유산소","아침 계단 오르기","MODEL_STAIR_COUNT","모델측정형","계단칸수,걸음수,고도변화_m(선택)","Y","미션 시작 후 계단 인식 모델 활성","모델이 인식한 계단칸수가 목표 이상","집,사무실,지하철역","10","15","5","칸","아침","아침의 한 걸음이 오늘의 기운을 산뜻하게 열어요.","{place}에서 계단 {num}{unit} 오르기!","급하게 오르지 말고 몸이 덜 풀렸다면 걷기로 바꿔요.","HIGH_IMPACT","Y","검수대기"
"STAIR_COUNT_10","木","유산소","계단 오르기로 마무리하기","MODEL_STAIR_COUNT","모델측정형","계단칸수,걸음수,고도변화_m(선택)","Y","미션 시작 후 계단 인식 모델 활성","모델이 인식한 계단칸수가 목표 이상","집,사무실,지하철역","25","30","5","칸","오후","마지막 한 칸까지의 꾸준함이 오늘의 성취운을 완성해요.","{place}에서 계단 {num}{unit} 오르기로 마무리하기!","목표보다 몸 상태를 우선하고 통증이 있으면 바로 멈춰요.","HIGH_IMPACT","Y","검수대기"
